start_city,end_city,distance_km,travel_time_hr,fuel_cost,traffic_level,avg_speed,cost_per_km
Bangalore,Mysore,145,3.5,900,Medium,41.42857142857143,6.206896551724138
Bangalore,Chennai,350,7.5,2400,High,46.666666666666664,6.857142857142857
Bangalore,Hyderabad,570,10.0,3800,Medium,57.0,6.666666666666667
Mysore,Coorg,120,3.0,850,Low,40.0,7.083333333333333
Chennai,Pondicherry,150,3.2,1000,Low,46.875,6.666666666666667
Hyderabad,Pune,560,11.0,4200,High,50.90909090909091,7.5
